{
  "regression": {
    "rmse": 520.1994101227634,
    "r2": 0.4617247109393008
  },
  "classification": {
    "f1": 0.7792056074766355,
    "roc_auc": 0.9396187906703665,
    "confusion_matrix": [
      [
        1474,
        180
      ],
      [
        198,
        667
      ]
    ]
  },
  "clustering": {
    "silhouette": 0.5256477332100659,
    "davies_bouldin": 0.6090831110870458,
    "n_clusters": 3
  }
}