{
  "regression": {
    "rmse": 520.1994101227633,
    "r2": 0.4617247109393008
  },
  "classification": {
    "f1": 0.7874199184624345,
    "roc_auc": 0.940791634922521,
    "confusion_matrix": [
      [
        1478,
        176
      ],
      [
        189,
        676
      ]
    ]
  }
}